use villainDB;

#########
# Users #
#########

insert into users(passwd) values(
  '$argon2i$v=19$m=4096,t=6,p=4$bWt1UjhQWk1ZNFlJME1iRg$/wi8fG9ZmoEmAZzYY9bDV3TYbzV6feH/dHUuJbrTUs0'
);

insert into users(passwd) values(
  '$argon2i$v=19$m=4096,t=6,p=4$NVNRTnF0Mmo0NlI0b0EuVg$b9ZKZ+EnAb7Q6HgWrF8SoxL0RWlYo+K/YbB+WX98QgM'
);

insert into users(passwd) values(
  '$argon2i$v=19$m=4096,t=6,p=4$d0QvVmxIRlhHUEJFS1IwVw$WkYqnOBsJQizemkmV60j55UAzsI1soMnr8f/Jl+XLEY'
);

insert into users(passwd) values(
  '$argon2i$v=19$m=4096,t=6,p=4$SzNsWnhwQ0YubXVsUjdQQw$3qsu9lvGzjQsThtNi762lGOwMrGHXavkH3DewyrzgKU'
);

insert into users(passwd) values(
  '$argon2i$v=19$m=4096,t=6,p=4$bkd5OTA4cFQ0alBhbG1lbw$HXnzJvNmi7X9E7pw5QPxg5sbR9I5l1HZ/88Y2ZnrLD0'
);

insert into users(passwd) values(
  '$argon2i$v=19$m=4096,t=6,p=4$ZFJ4NHlFVUM5RWo1bERQaQ$RDaOSEqqepb45SCHylR3Hpf565RZWU/i+b9kLj0RvrQ'
);

insert into users(passwd) values(
  '$argon2i$v=19$m=4096,t=6,p=4$UVgzZW11NTFZYTJOeGJCQw$UkBN6FmdT7JlIFCcnuHjsjQluhxpyBSED3ptWsztRgo'
);

insert into users(passwd) values(
  '$argon2i$v=19$m=4096,t=6,p=4$VlZsQkFTSU1uNktRZDZ4dQ$foPgJhtoVZvWw77QKanc0ywkGY4y1XfTgkn4X0WEDXs'
);

insert into users(passwd) values(
  '$argon2i$v=19$m=4096,t=6,p=4$VExwV2FHL1hLMjhKOURmTg$Z+qwIrl7K8oyqxinT3Xw4FHVqC0uBDnii9M3n5Hz/iY'
);

insert into users(passwd) values(
  '$argon2i$v=19$m=4096,t=6,p=4$aUJrSlFOWTVJZlFmeW9jZw$gw4DurmRVJhOGgrBiQr/4YZ24PLwf4lZtIV/230Cj8A'
);

insert into users(passwd) values(
  '$argon2i$v=19$m=4096,t=6,p=4$c1dRTk4vOHBRaWRNczhlcg$iwyWNirxu+OCZPwePuuwmbwFvzzOFefDc8t180trsfI'
);

insert into users(passwd) values(
  '$argon2i$v=19$m=4096,t=6,p=4$bW4xSUltMmh6STNmYzduVg$cU+iKwK0jfjpz6k435yCWeIKiex6t/B8PQ5a5hJkWwU'
);

insert into users(passwd) values(
  '$argon2i$v=19$m=4096,t=6,p=4$blo5Ny9WaUxHa3ZlejllTA$fk5gHxBnvAyhasUfEBtNA80udMfLB1/X8RYXBeaiVEg'
);

insert into users(passwd) values(
  '$argon2i$v=19$m=4096,t=6,p=4$QmVWUDNRZHdlMEwySExwNw$Rg46dhgmCr9FwbOiDBoj31qWnogunRIlNFA8fTTxs40'
);

insert into users(passwd) values(
  '$argon2i$v=19$m=4096,t=6,p=4$Tkc0WGQveENmOVU2MHFCRg$YHktJJISVtDFhv99B8HNEKRPivA5P8A8Ccx8qXKObCo'
);

insert into users(passwd) values(
  '$argon2i$v=19$m=4096,t=6,p=4$TTZtaFR4QkpVOE1LNEtwRg$8aIzXPGGSXgWduxbMkkRDPGkaHUZS4RNxSPrigxK5QU'
);

insert into users(passwd) values(
  '$argon2i$v=19$m=4096,t=6,p=4$VFVHV0guek41LnFjYlpvYQ$vJZHp4YetkvfcVS2JfQ8bF8Gr1ycaM8mr2FvvCaX1HY'
);

insert into users(passwd) values(
  '$argon2i$v=19$m=4096,t=6,p=4$VXJ5ZnRTSXBta1NSWWhqVA$q3yvXvFjNYZSLikt59GbUHuCRSsR9vJidYWdQ1/4ebI'
);

insert into users(passwd) values(
  '$argon2i$v=19$m=4096,t=6,p=4$MUpVbjV5TUVULmcwTktJZQ$jIGglu0l9d4FZvRdpaZiHnxEiVvw7pFjsg2RWy7nk34'
);

insert into users(passwd) values(
  '$argon2i$v=19$m=4096,t=6,p=4$YVBnZjhhZS5RSjJlcDA2cQ$m5XyAyJ7Itd+c8RB/Pim65KnPf5daXMjHzvT8nJykYw'
);

insert into users(passwd) values(
  '$argon2i$v=19$m=4096,t=6,p=4$V1hiVHYuRFkvNFBQSHhRYQ$mexniKURFHGSihop3PPI1f+JrcEeOJA8q3NmsW4/mow'
);

insert into users(passwd) values(
  '$argon2i$v=19$m=4096,t=6,p=4$aUNqMzRpWmVRODhCaTJiVg$IvKTOJ4xfSKLtKpU3hwcEOo+jORefmq9zJXviMOxheE'
);

insert into users(passwd) values(
  '$argon2i$v=19$m=4096,t=6,p=4$OHFqYmZEazAvVU9OUkpVaA$t5oZ9KXENpPG+Hi26y+zEO1LQTLel2Zh/6UL+HY22UY'
);

insert into users(passwd) values(
  '$argon2i$v=19$m=4096,t=6,p=4$M21jcUguRDRWckwucmVLeQ$n8H7ngmi2ldmUfOhIkEAzos9vRuhmUjb+mwgJFlS2No'
);

insert into users(passwd) values(
  '$argon2i$v=19$m=4096,t=6,p=4$azRGNENBN1JrMHpoVU0vLw$oegsM6PS6WhD+OFX3RfmVmM4QJ4hdpfeS0xdiWUvOkc'
);

insert into users(passwd) values(
  '$argon2i$v=19$m=4096,t=6,p=4$NVBjMzZFWnJTcmswUHkucA$Tt/nGBwuxx2zIzvZRoGqY0QNwRMSL8x9dp9rhxKtSEs'
);

insert into users(passwd) values(
  '$argon2i$v=19$m=4096,t=6,p=4$eEthWFpIMGRVWWF6UW13Tg$hHdCIH3PThjb0te9tfwGX3zaW4F5yuQXGD98bj7EkvE'
);

insert into users(passwd) values(
  '$argon2i$v=19$m=4096,t=6,p=4$M3dQaDBQSDE5aGVPWDMzMw$URpLDfT8J3LVIk85EI1mXvo18uJhQp3RiQ6Dfq8wW/A'
);

insert into users(passwd) values(
  '$argon2i$v=19$m=4096,t=6,p=4$NUVRcnIvM3BXTmVGM0tKZQ$AwW27KE0lDRWoCsartkuGinN9hr48tkioLc9qvw0ujY'
);

insert into users(passwd) values(
  '$argon2i$v=19$m=4096,t=6,p=4$WGhXRjBBU3RBalcvQW1ONg$BL5W96QUvKDdZrnigUyDmyk8B/9iZ73eXbRn6wJ9DwQ'
);

insert into users(passwd) values(
  '$argon2i$v=19$m=4096,t=6,p=4$YVRlSGpmQUM0clhyQ2sybg$tEDJIPBL18shgqGKL/KFSWzQnAfLq7cmJ5IKPMjRpUY'
);

insert into users(passwd) values(
  '$argon2i$v=19$m=4096,t=6,p=4$VXF2Z3QvSXl6N2ZNSy9qZA$0imIyeNI6inIoaXZEqEJqJ3XlL4lW+5rmmS8forJGrQ'
);

insert into users(passwd) values(
  '$argon2i$v=19$m=4096,t=6,p=4$NFdKZ2FYTjBOVFVyNUZiQw$lMwckV1guULNA4qZoNzgNhCUuUwEeBO9YX70SBsQ404'
);

insert into users(passwd) values(
  '$argon2i$v=19$m=4096,t=6,p=4$Y01ENk5SWnEyV3hwTnlrNQ$sGFKcbmrrYLk/BOJP7H1OADRnG8U9gT4jQTqzmT8pZU'
);



#########
# Roles #
#########

insert into roles(id, role) values(
  1,
  'villain'
);

insert into roles(id, role) values(
  2,
  'boss'
);
insert into roles(id, role) values(
  3,
  'minion'
);

##############
# User Roles #
##############

# villain #

insert into user_role(user, role) values(
  100000,
  1
);

# bosses #

insert into user_role(user, role) values(
  100001,
  2
);

insert into user_role(user, role) values(
  100002,
  2
);

insert into user_role(user, role) values(
  100003,
  2
);

insert into user_role(user, role) values(
  100004,
  2
);

insert into user_role(user, role) values(
  100005,
  2
);

insert into user_role(user, role) values(
  100006,
  2
);

insert into user_role(user, role) values(
  100007,
  2
);

insert into user_role(user, role) values(
  100008,
  2
);

insert into user_role(user, role) values(
  100009,
  2
);

insert into user_role(user, role) values(
  100010,
  2
);

# minions #

insert into user_role(user, role) values(
  100011,
  3
);

insert into user_role(user, role) values(
  100012,
  3
);

insert into user_role(user, role) values(
  100013,
  3
);

insert into user_role(user, role) values(
  100014,
  3
);

insert into user_role(user, role) values(
  100015,
  3
);

insert into user_role(user, role) values(
  100016,
  3
);

insert into user_role(user, role) values(
  100017,
  3
);

insert into user_role(user, role) values(
  100018,
  3
);

insert into user_role(user, role) values(
  100019,
  3
);

insert into user_role(user, role) values(
  100020,
  3
);

insert into user_role(user, role) values(
  100021,
  3
);

insert into user_role(user, role) values(
  100022,
  3
);

insert into user_role(user, role) values(
  100023,
  3
);

insert into user_role(user, role) values(
  100024,
  3
);

insert into user_role(user, role) values(
  100025,
  3
);

insert into user_role(user, role) values(
  100026,
  3
);

insert into user_role(user, role) values(
  100027,
  3
);

insert into user_role(user, role) values(
  100028,
  3
);

insert into user_role(user, role) values(
  100029,
  3
);

insert into user_role(user, role) values(
  100030,
  3
);

insert into user_role(user, role) values(
  100031,
  3
);

insert into user_role(user, role) values(
  100032,
  3
);

insert into user_role(user, role) values(
  100033,
  3
);

##########
# Region #
##########

insert into region values(
	'North America',
	'S'
);

insert into region values(
	'South America',
	'C'
);

insert into region values(
	'Africa',
	'D'
);

insert into region values(
	'Europe',
	'B'
);

insert into region values(
	'Asia',
	'A'
);

###########
# Threat #
###########

insert into threat(risk, name, region) values(
	'A',
	'Black Panther',
	'Africa'
);

insert into threat(risk, name, region) values(
	'S',
	'Russian President',
	'Europe'
);

insert into threat(risk, name, region) values(
	'C',
	'Captain America',
	'North America'
);

insert into threat(risk, name, region) values(
	'D',
	'Nacho Libre',
	'South America'
);

insert into threat(risk, name, region) values(
	'A',
	'Gundam',
	'Asia'
);

########
# Base #
########

insert into base(region)values (
  'North America'
);

insert into base(region)values (
  'Europe'
);

insert into base(region)values (
  'Africa'
);

insert into base(region)values (
  'South America'
);

insert into base(region)values (
  'Asia'
);

insert into base(region)values (
  'North America'
);

insert into base(region)values (
  'Europe'
);

insert into base(region)values (
  'Africa'
);

insert into base(region)values (
  'South America'
);

insert into base(region)values (
  'Asia'
);

###############
# Adv Classes #
###############

insert into advanced values(
  '0',
  'minion'
);

insert into advanced values(
  '1',
  'spy'
);

insert into advanced values(
  '2',
  'muscle'
);

insert into advanced values(
  '3',
  'tech'
);

###########
# Minions #
###########

insert into minion(id, grade, base, class) values(
  100011,
  'B',
  1,
  '1'
);

insert into minion(id, grade, base, class) values(
  100012,
  'D',
  8,
  '1'
);

insert into minion(id, grade, base, class) values(
  100013,
  'S',
  6,
  '1'
);

insert into minion(id, grade, base, class) values(
  100014,
  'S',
  1,
  '1'
);

insert into minion(id, grade, base, class) values(
  100015,
  'A',
  7,
  '1'
);

insert into minion(id, grade, base, class) values(
  100016,
  'C',
  5,
  '2'
);

insert into minion(id, grade, base, class) values(
  100017,
  'D',
  4,
  '2'
);

insert into minion(id, grade, base, class) values(
  100018,
  'B',
  10,
  '2'
);

insert into minion(id, grade, base, class) values(
  100019,
  'A',
  9,
  '2'
);

insert into minion(id, grade, base, class) values(
  100020,
  'D',
  2,
  '2'
);

insert into minion(id, grade, base, class) values(
  100021,
  'A',
  4,
  '3'
);

insert into minion(id, grade, base, class) values(
  100022,
  'B',
  3,
  '3'
);

insert into minion(id, grade, base, class) values(
  100023,
  'S',
  5,
  '3'
);

insert into minion(id, grade, base, class) values(
  100024,
  'D',
  1,
  '3'
);

insert into minion(id, grade, base, class) values(
  100025,
  'A',
  4,
  '3'
);

insert into minion(id, grade, base, class) values(
  100026,
  'S',
  10,
  '0'
);

insert into minion(id, grade, base, class) values(
  100027,
  'A',
  8,
  '0'
);

insert into minion(id, grade, base, class) values(
  100028,
  'S',
  2,
  '0'
);

insert into minion(id, grade, base, class) values(
  100029,
  'A',
  9,
  '0'
);

insert into minion(id, grade, base, class) values(
  100030,
  'S',
  7,
  '0'
);

insert into minion(id, grade, base, class) values(
  100031,
  'A',
  4,
  '0'
);

insert into minion(id, grade, base, class) values(
  100032,
  'A',
  1,
  '0'
);

insert into minion(id, grade, base, class) values(
  100033,
  'S',
  9,
  '0'
);

#######
# Spy #
#######

insert into spy values(
  100011,
  5,
  'Taser Pen'
);

insert into spy values(
  100012,
  1,
  'Polyurethane cloak'
);

insert into spy values(
  100013,
  7,
  'Sonic Blaster'
);

insert into spy values(
  100014,
  2,
  'Hologram Projector'
);

insert into spy values(
  100015,
  8,
  'Laser Cutter'
);


##########
# Muscle #
##########


insert into muscle values(
  100016,
  9,
  'MP5'
);

insert into muscle values(
  100017,
  3,
  'Barrett M82'
);

insert into muscle values(
  100018,
  5,
  'De-atomizer'
);

insert into muscle values(
  100019,
  7,
  'Plasma Cannon'
);

insert into muscle values(
  100020,
  2,
  'AK-47'
);

########
# Tech #
########

insert into tech values(
  100021,
  4,
  "Hydospanner"
);

insert into tech values(
  100022,
  8,
  'Holographic scanner'
);

insert into tech values(
  100023,
  2,
  '3D Printer'
);

insert into tech values(
  100024,
  5,
  'Foam Steel'
);

insert into tech values(
  100025,
  4,
  'Temporal Manipulator'
);

########
# Boss #
########

insert into boss(id, base, effectiveness, name) values(
  100000,
  1,
  1000,
  'Supreme Lord'
);
insert into boss(id, base, effectiveness, name) values(
  100001,
  1,
  5,
  'Crazy Eyes'
);

insert into boss(id, base, effectiveness, name) values(
  100002,
  2,
  6,
  'Vader'
);

insert into boss(id, base, effectiveness, name) values(
  100003,
  3,
  6,
  'Mad General'
);

insert into boss(id, base, effectiveness, name) values(
  100004,
  4,
  9,
  'Narco'
);

insert into boss(id, base, effectiveness, name) values(
  100005,
  5,
  9,
  'The Charizard'
);

insert into boss(id, base, effectiveness, name) values(
  100006,
  6,
  5,
  'Captain Crook'
);

insert into boss(id, base, effectiveness, name) values(
  100007,
  7,
  6,
  'Gill'
);

insert into boss(id, base, effectiveness, name) values(
  100008,
  8,
  6,
  'Timon'
);

insert into boss(id, base, effectiveness, name) values(
  100009,
  9,
  9,
  'El Loco'
);

insert into boss(id, base, effectiveness, name) values(
  100010,
  10,
  9,
  'Ambrocio'
);

##########
# Hero #
##########

insert into hero values(
	1,
	'Unknown'
);

insert into hero values(
	2,
	'Vladimir Putin'
);

insert into hero values(
	3,
	'Steve Rogers'
);

insert into hero values(
	4,
	'angsty teen'
);

insert into hero values(
	5,
	'Jack Black'
);

##########
# Allies #
##########

insert into allies values(
	1,
	3
);

insert into allies values(
	2,
	5
);

insert into allies values(
	3,
	1
);

insert into allies values(
	5,
	2
);

insert into allies values(
	4,
	2
);

###########
# mission #
###########

insert into mission values(
  'Assassination',
  100001,
  'Gordon Bates'
);

insert into mission values(
  'Assassination',
  100002,
  'Rebecca Guerra'
);

insert into mission values(
  'Assassination',
  100003,
  'Hassan Karim'
);

insert into mission values(
  'Assassination',
  100004,
  'Zhang Huang'
);

insert into mission values(
  'Capture',
  100005,
  'Imelda Barrio'
);

insert into mission values(
  'Capture',
  100006,
  'Steve McNeil'
);

insert into mission values(
  'Capture',
  100007,
  'Jesse Kramer'
);

insert into mission values(
  'Capture',
  100008,
  'Carlos Ortiz'
);

insert into mission values(
  'Interception',
  100009,
  'Esmeralda Transmission Tower'
);

insert into mission values(
  'Interception',
  100010,
  'UPS Truck #234'
);

insert into mission values(
  'Interception',
  100001,
  'Remote Observation Center'
);

insert into mission values(
  'Interception',
  100002,
  'Prison Convoy'
);

insert into mission values(
  'Recon',
  100001,
  'CSIS Headquarters'
);

insert into mission values(
  'Recon',
  100002,
  'Steel Factory'
);

insert into mission values(
  'Recon',
  100003,
  'Cairo International Airport'
);

insert into mission values(
  'Recon',
  100004,
  'Puerto De Balboa'
);

#######################
# mission_description #
#######################

insert into mission_description values(
  'Assassination',
  'Gordon Bates',
  'Assassinate the Commissioner of Gotham city'
);

insert into mission_description values(
  'Assassination',
  'Rebecca Guerra',
  'Assassinate the leader of the UK parliament'
);

insert into mission_description values(
  'Assassination',
  'Hassan Karim',
  'Assassinate the top general of Egyptian military'
);

insert into mission_description values(
  'Capture',
  'Imelda Barrio',
  'Assassinate the leader of Social Liberal Party in Brazil'
);

insert into mission_description values(
  'Assassination',
  'Zhang Huang',
  'Assassinate the CEO of Japan\'s top military contractor'
);

insert into mission_description values(
  'Capture',
  'Steve McNeil',
  'Capture the vice president of the USA'
);

insert into mission_description values(
  'Capture',
  'Jesse Kramer',
  'Capture the lead scientist at the European Space Agency'
);

insert into mission_description values(
  'Capture',
  'Carlos Ortiz',
  'Capture the Ecuadorian Ambassador to Algeria'
);

insert into mission_description values(
  'Interception',
  'Esmeralda Transmission Tower',
  'Intercept communication between government and INTERPOL'
);

insert into mission_description values(
  'Interception',
  'UPS Truck #234',
  'Capture and seize valuable cargo'
);

insert into mission_description values(
  'Interception',
  'Remote Observation Center',
  'Intercept incoming transmission from International Space Station'
);

insert into mission_description values(
  'Interception',
  'Prison Convoy',
  'Intercept and extract allied VIP "Hogtie" to friendly safehouse: use of heavy weapons authorized, expect heavy resistance of core escort elements'
);

insert into mission_description values(
  'Recon',
  'CSIS Headquarters',
  'Intelligence gathering of physical security details and patrol routes, in preparation for installation of monitoring devices to better observe anti-villain activities'
);

insert into mission_description values(
  'Recon',
  'Steel Factory',
  'Following up on rumour of potentially useful heavy industrial smelting equipment left behind, may be useful for future weapons research'
);

insert into mission_description values(
  'Recon',
  'Cairo International Airport',
  'Infiltrate and identify airport security/admin candidates for cash bribes or blackmail to expediate future smuggling of goods in region'
);

insert into mission_description values(
  'Recon',
  'Puerto De Balboa',
  'Infiltrate and assess Port of Balboa for suitability of future mission asset smuggling into North America'
);
